{
    "initial_condition": {

        "x": -2280706.24887,
        "y": -6404868.93062,
        "z": 8898289.17739,
        "vel_x": 5106.47906333 ,
        "vel_y": -4728.66201988,
        "vel_z": 4572.38411289 ,
        "h_x": 4.5,
        "time": -4058816
    },
    "models" : ["pos", "gyro"]
 }