{
  "initial_condition": {

      "x": 201289.9547729282,
      "y": -1748827.84098,
      "z": 6551130.06623,
      "vel_x": 7665.4147515,
      "vel_y": 13.6338551383,
      "vel_z": -229.87558448 ,
      "time": 1651906800
  },
  "models" : ["pos", "gyro"]
}