{
    "initial_condition": {

        "x": 7210890.67013,
        "y": -3766195.85071,
        "z": 1057151.36272,
        "vel_x": 7875.3941449,
        "vel_y": 5131.05285354,
        "vel_z": -2843.44945987,
        "time": 1640454540
    },
    "models" : ["pos", "gyro"]
 }