{
    "initial_condition": {

        "x": -152357000.0918531467,
        "y": 372511000.3392740553,
        "z": 33587000.13353801882,
        "vel_x": 0.2069511992715368,
        "vel_y": -0.2105451990331415,
        "vel_z": -1.157255066656339,
        "h_x": 4.5,
        "time": 1651885860
    },
    "models" : ["pos", "gyro"]
 }