{
    "initial_condition": {

        "x": -11652.72548605502,
        "y": 3412.456745094638,
        "z": -6916.814900348698,
        "vel_x": -6.837449791362452,
        "vel_y": -3.855569832386001,
        "vel_z": -2.658902141013662,
        "h_x": 4.5,
        "time": 1517990400
    },
    "models" : ["pos", "gyro"]
 }